{
    "Accuracy": 0.9411764705882353,
    "Recall": 0.9411764705882353,
    "Precision": 1.0,
    "F1 Score": 0.9696969696969697
}