{
    "Accuracy": 0.5882352941176471,
    "Recall": 0.5882352941176471,
    "Precision": 1.0,
    "F1 Score": 0.7407407407407407
}