{
    "Accuracy": 0.7090909090909091,
    "Recall": 1.0,
    "Precision": 0.42857142857142855,
    "F1 Score": 0.6
}