{
    "Accuracy": 0.8333333333333334,
    "Recall": 0.8235294117647058,
    "Precision": 1.0,
    "F1 Score": 0.9032258064516129
}