{
    "Accuracy": 0.4666666666666667,
    "Recall": 0.4666666666666667,
    "Precision": 1.0,
    "F1 Score": 0.6363636363636364
}