{
    "Accuracy": 0.8363636363636363,
    "Recall": 0.8,
    "Precision": 0.5333333333333333,
    "F1 Score": 0.64,
    "best_epoch": 42
}