{
    "Accuracy": 0.7647058823529411,
    "Recall": 0.7647058823529411,
    "Precision": 1.0,
    "F1 Score": 0.8666666666666667
}