{
    "Accuracy": 0.5294117647058824,
    "Recall": 0.5294117647058824,
    "Precision": 1.0,
    "F1 Score": 0.6923076923076923
}