{
    "Accuracy": 0.4909090909090909,
    "Recall": 1.0,
    "Precision": 0.2631578947368421,
    "F1 Score": 0.4166666666666667
}