{
    "Accuracy": 0.8333333333333334,
    "Recall": 0.8823529411764706,
    "Precision": 0.9375,
    "F1 Score": 0.9090909090909091
}