{
    "Accuracy": 0.9444444444444444,
    "Recall": 1.0,
    "Precision": 0.9444444444444444,
    "F1 Score": 0.9714285714285714
}