{
    "Accuracy": 0.8363636363636363,
    "Recall": 0.8888888888888888,
    "Precision": 0.5,
    "F1 Score": 0.64,
    "best_epoch": 71
}