{
    "Accuracy": 0.6363636363636364,
    "Recall": 1.0,
    "Precision": 0.3103448275862069,
    "F1 Score": 0.47368421052631576,
    "best_epoch": 50
}