{
    "Accuracy": 0.8823529411764706,
    "Recall": 0.8823529411764706,
    "Precision": 1.0,
    "F1 Score": 0.9375
}