{
    "Accuracy": 0.8666666666666667,
    "Recall": 0.8666666666666667,
    "Precision": 1.0,
    "F1 Score": 0.9285714285714286
}