{
    "Accuracy": 0.8,
    "Recall": 1.0,
    "Precision": 0.47619047619047616,
    "F1 Score": 0.6451612903225806
}