{
    "Accuracy": 0.47058823529411764,
    "Recall": 0.47058823529411764,
    "Precision": 1.0,
    "F1 Score": 0.64
}