{
    "Accuracy": 0.8181818181818182,
    "Recall": 0.9090909090909091,
    "Precision": 0.5263157894736842,
    "F1 Score": 0.6666666666666666,
    "best_epoch": 39
}