,solar_zenith_angle,solar_azimuth_angle,surf_air_temp_masked,surf_temp_masked,surf_spec_hum_masked,h2o_vap_tot_masked,cloud_liquid_water_masked,atmosphere_mass_content_of_cloud_ice_masked
solar_zenith_angle,1.0,-0.898475666356186,-0.29827162736041885,-0.5208228347033838,-0.05717707805796167,-0.1247733195318149,-0.03844063504881168,-0.009393064570677895
solar_azimuth_angle,-0.898475666356186,1.0,0.1792435671729466,0.42227601820685945,-0.07568434809427137,-0.00639232083474448,0.043523482498448646,0.031580331443448656
surf_air_temp_masked,-0.29827162736041885,0.1792435671729466,1.0,0.9188692288651465,0.47046666894043443,0.6091355773719103,-0.22661130454548595,-0.0890305072568038
surf_temp_masked,-0.5208228347033838,0.42227601820685945,0.9188692288651465,1.0,0.3469075573589633,0.49864087059671175,-0.1683189397120939,-0.06390128984453267
surf_spec_hum_masked,-0.05717707805796167,-0.07568434809427137,0.47046666894043443,0.3469075573589633,1.0,0.7323049639796263,0.06897841720714805,0.026718505629455998
h2o_vap_tot_masked,-0.1247733195318149,-0.00639232083474448,0.6091355773719103,0.49864087059671175,0.7323049639796263,1.0,0.14645478120493519,0.15031329195704715
cloud_liquid_water_masked,-0.03844063504881168,0.043523482498448646,-0.22661130454548595,-0.1683189397120939,0.06897841720714805,0.14645478120493519,1.0,0.3543193153314908
atmosphere_mass_content_of_cloud_ice_masked,-0.009393064570677895,0.031580331443448656,-0.0890305072568038,-0.06390128984453267,0.026718505629455998,0.15031329195704715,0.3543193153314908,1.0
