{
    "Accuracy": 0.5882352941176471,
    "Recall": 0.6428571428571429,
    "Precision": 0.8181818181818182,
    "F1 Score": 0.72
}