{
    "Accuracy": 0.7818181818181819,
    "Recall": 1.0,
    "Precision": 0.4,
    "F1 Score": 0.5714285714285714,
    "best_epoch": 36
}