{
    "Accuracy": 0.6666666666666666,
    "Recall": 0.6666666666666666,
    "Precision": 1.0,
    "F1 Score": 0.8
}