{
    "Accuracy": 0.8421052631578947,
    "Recall": 1.0,
    "Precision": 0.5714285714285714,
    "F1 Score": 0.7272727272727273,
    "best_epoch": 1
}