{
    "Accuracy": 0.6363636363636364,
    "Recall": 1.0,
    "Precision": 0.375,
    "F1 Score": 0.5454545454545454,
    "best_epoch": 92
}