{
    "Accuracy": 0.7222222222222222,
    "Recall": 0.7058823529411765,
    "Precision": 1.0,
    "F1 Score": 0.8275862068965517
}